rsid	variant_id	pred_ddg	molecular_trait_id	gene_id	cs_id	variant	cs_size	pip	pvalue	beta	se	z	cs_min_r2	region	is_destabilising	is_reduced_protein_levels	is_highlight
rs41271951	P25774/V7A	0.024132	CTSS.3181.50.2..1	ENSG00000163131	CTSS.3181.50.2..1_L1	chr1_150764744_A_G	1	0.997053668219931	2.12178e-97	-0.879144	0.04058	-21.7013572279679	1.0	chr1:149765792-151765792	False	True	False
rs11582663	Q96PJ5/R60Q	-0.315946	FCRL4.8973.23.3..1	ENSG00000163518	FCRL4.8973.23.3..1_L1	chr1_157589332_C_T	2	0.70927559927029	1e-323	-1.11803	0.0258457	-43.3232997109936	0.999716201881934	chr1:156598085-158598085	False	True	False
rs4501820	Q9UBD3/R29K	0.082222	XCL1.14078.69.3..1	ENSG00000143184	XCL1.14078.69.3..1_L1	chr1_168542083_C_T	2	0.534587283900777	5.74784e-63	0.464557	0.0271444	17.1368477158964	0.999921908373153	chr1:167576605-169576605	False	False	False
rs12371	O00391/H444R	-0.315343	QSOX1.6217.23.3..1	ENSG00000116260	QSOX1.6217.23.3..1_L1	chr1_180194255_A_G	1	1.0	1.9878999999999998e-65	0.700596	0.0401014	17.4933671485316	1.0	chr1:179154869-181154869	False	False	False
rs1126728	P36871/R221C	1.06169	PGM1.9173.21.3..1	ENSG00000079739	PGM1.9173.21.3..1_L2	chr1_63631761_C_T	3	0.869262506092566	1.8177699999999999e-31	0.301293	0.0255491	11.8097556453976	0.916714809021098	chr1:62593411-64593411	False	False	False
rs2274333	P23280/S90G	0.42683	CA6.3352.80.3..1	ENSG00000131686	CA6.3352.80.3..1_L3	chr1_8957145_A_G	1	0.999800487174064	4.88831e-59	0.406047	0.0245611	16.5635847720236	1.0	chr1:7945867-9945867	False	False	False
rs34603401	O95479/D151A	-0.497359	H6PD.7161.25.3..1	ENSG00000049239	H6PD.7161.25.3..1_L1	chr1_9245386_A_C	1	1.0	6.859439999999999e-132	0.763857	0.0298468	25.6405698317505	1.0	chr1:8234775-10234775	False	False	False
rs35805975	P11226/N136K	0.422061	MBL2.3000.66.1..1	ENSG00000165471	MBL2.3000.66.1..1_L6	chr10_52768476_G_A	1	0.987109629482947	1.12069e-05	0.396208	0.0900623	4.41000862780719	1.0	chr10:51771700-53771700	False	False	False
rs1800451	P11226/G57E	-0.084534	MBL2.3000.66.1..1	ENSG00000165471	MBL2.3000.66.1..1_L2	chr10_52771466_C_T	1	0.999998983168928	9.599829999999999e-51	-1.21763	0.0798822	-15.2666901376052	1.0	chr10:51771700-53771700	False	True	False
rs1800450	P11226/G54D	-0.420022	MBL2.3000.66.1..1	ENSG00000165471	MBL2.3000.66.1..1_L4	chr10_52771475_C_T	3	0.785783872064086	9.313640000000001e-153	-0.878158	0.0316105	-27.825222821537	0.997493664456486	chr10:51771700-53771700	False	True	False
rs74911261	Q7Z4H8/P144L	5.0125	KDELC2.8296.117.3..1	ENSG00000178202	KDELC2.8296.117.3..1_L1	chr11_108486410_G_A	1	0.999351422714428	2.35738e-121	-1.33013	0.0544244	-24.507954539983	1.0	chr11:107498384-109498384	True	True	True
rs34324219	P20061/D301Y	0.260918	TCN1.11232.46.3..1	ENSG00000134827	TCN1.11232.46.3..1_L2	chr11_59855905_C_A	1	0.999999999999738	1.50444e-29	-0.389899	0.0342043	-11.4221496163633	1.0	chr11:58866489-60866489	False	True	False
rs34528912	P20061/R35H	2.10485	TCN1.11232.46.3..1	ENSG00000134827	TCN1.11232.46.3..1_L1	chr11_59864062_C_T	1	1.0	5.41889e-39	-0.737499	0.0557255	-13.2503245114206	1.0	chr11:58866489-60866489	True	True	False
rs2229437	P42785/E112D	0.683071	PRCP.5722.78.3..1	ENSG00000137509	PRCP.5722.78.3..1_L1	chr11_82853252_T_G	1	0.9999686376271	2.73779e-23	0.293702	0.029318	10.0348181921049	1.0	chr11:81970584-83970584	False	False	False
rs117965239	Q8N3T6/S394R	0.068231	TMEM132C.7173.141.3..1	ENSG00000181234	TMEM132C.7173.141.3..1_L2	chr12_128616212_C_G	1	0.999999611257822	1.76451e-12	-0.751602	0.10617	-7.09170503002049	1.0	chr12:127267403-129267403	False	True	False
rs115651556	O60486/R554Q	0.520836	PLXNC1.4564.2.2..1	ENSG00000136040	PLXNC1.4564.2.2..1_L1	chr12_94220122_G_A	1	1.0	1.22517e-117	-2.03931	0.0848849	-24.0979811291189	1.0	chr12:93148577-95148577	False	True	False
rs17288108	Q9HB63/Y205H	1.92443	NTN4.3327.27.1..1	ENSG00000074527	NTN4.3327.27.1..1_L1	chr12_95738117_A_G	3	0.700044301775127	8.72514e-23	-0.272576	0.0275355	-9.91449667835514	0.928052040376132	chr12:94791152-96791152	False	True	False
rs1049562	P00491/H20Q	0.584953	PNP.10039.32.3..1	ENSG00000198805	PNP.10039.32.3..1_L2	chr14_20472356_C_T	4	0.631476076041877	3.22933e-14	-0.133403	0.0175007	-7.64384955615828	0.93090987244403	chr14:19468954-21468954	False	True	False
rs1045644	O43405/T352S	0.29391	COCH.7227.75.3..1	ENSG00000100473	COCH.7227.75.3..1_L3	chr14_30885890_C_G	1	0.999760142317842	9.18087e-10	0.118467	0.0192911	6.15664710453149	1.0	chr14:29874514-31874514	False	False	False
rs17831525	Q14112/P529S	1.28107	NID2.3633.70.5..1	ENSG00000087303	NID2.3633.70.5..1_L2	chr14_52042345_G_A	2	0.644570891949449	1.40035e-78	0.78016	0.0404586	19.3162769898917	0.991518891262431	chr14:51069228-53069228	False	False	False
rs35223184	Q8TDY8/D243N	0.45403	IGDCC4.9793.145.3..1	ENSG00000103742	IGDCC4.9793.145.3..1_L1	chr15_65400920_C_T	4	0.769947378749122	9.9486e-38	1.23196	0.0947488	13.0229135580618	0.985747637233354	chr15:64422947-66422947	False	False	False
rs11555096	P16930/R341W	-0.068155	FAH.11424.4.3..1	ENSG00000103876	FAH.11424.4.3..1_L1	chr15_80180184_C_T	1	1.0	3.61582e-120	-1.88083	0.0773752	-24.3509664314352	1.0	chr15:79152490-81152490	False	True	False
rs143210825	Q15661/D162N	-0.438882	TPSB2.3403.1.2..1	ENSG00000197253	TPSB2.3403.1.2..1_L9	chr16_1241684_G_A	2	0.916704825126793	3.1711999999999996e-59	0.847172	0.0511566	16.5923810143995	0.90887778728484	chr16:230184-2230184	False	False	False
rs11557236	Q9HBL8/T23I	-0.835903	NMRAL1.13988.67.3..1	ENSG00000153406	NMRAL1.13988.67.3..1_L1	chr16_4469438_G_A	1	0.998085656704776	3.16002e-32	-0.491218	0.0411222	-11.9612456385544	1.0	chr16:3495763-5495763	False	True	False
rs41398344	O00626/Y40H	2.51704	CCL22.3508.78.3..1	ENSG00000102962	CCL22.3508.78.3..1_L1	chr16_57360481_T_C	1	1.0	3.18817e-34	-1.37427	0.111383	-12.3715767851005	1.0	chr16:56358783-58358783	True	True	False
rs2272111	Q9UGN4/R111Q	0.262378	CD300A.5630.48.3..1	ENSG00000167851	CD300A.5630.48.3..1_L1	chr17_74473827_G_A	1	1.0	7.01861e-135	-0.425125	0.0164056	-25.9668106642137	1.0	chr17:73466399-75466399	False	True	False
rs11541956	Q8TCD5/P68L	1.12471	NT5C.12560.9.3..1	ENSG00000125458	NT5C.12560.9.3..1_L1	chr17_75131253_G_A	2	0.853630858834658	3.82689e-53	-0.757079	0.0484526	-15.6464776306866	0.989800028945692	chr17:74131757-76131757	False	True	False
rs144443274	Q15818/G100D	0.032608	NPTX1.9256.78.3..1	ENSG00000171246	NPTX1.9256.78.3..1_L2	chr17_80476148_C_T	1	0.993576698477786	3.89196e-16	-0.252896	0.0309023	-8.19704042527461	1.0	chr17:79477843-81477843	False	True	False
rs5498	P05362/K469E	0.263213	ICAM1.4342.10.3..1	ENSG00000090339	ICAM1.4342.10.3..1_L1	chr19_10285007_A_G	1	1.0	0.0	-1.20456	0.012199	-98.8341869342973	1.0	chr19:9271093-11271093	False	True	False
rs2302524	Q03405/K220R	-0.309829	PLAUR.2652.15.1..1	ENSG00000011422	PLAUR.2652.15.1..1_L1	chr19_43652320_T_C	1	0.995083614229021	9.178310000000001e-18	-0.20846	0.0241474	-8.64333866409126	1.0	chr19:42670547-44670547	False	True	False
rs11559024	P06732/E83G	0.243549	CKM.2670.67.4..1	ENSG00000104879	CKM.2670.67.4..1_L1	chr19_45317925_T_C	2	0.911244149426715	1.67264e-16	-0.68149	0.0822369	-8.30629284178318	0.873355433089095	chr19:44322875-46322875	False	True	False
rs17850756	Q9NXS2/L368F	5.64911	QPCTL.8866.53.3..1	ENSG00000011478	QPCTL.8866.53.3..1_L1	chr19_45703004_G_A	1	0.999879438719153	2.19976e-37	-0.302728	0.0233976	-12.9620931761337	1.0	chr19:44692666-46692666	True	True	False
rs2569491	Q9P0G3/H45Y	-1.49305	KLK14.8620.56.3..1	ENSG00000129437	KLK14.8620.56.3..1_L1	chr19_51081659_G_A	1	1.0	1.47533e-120	0.570733	0.0234375	24.3843977128405	1.0	chr19:50084245-52084245	False	False	False
rs373032	Q8N423/E161D	-0.385053	LILRB2.5633.65.3..1	ENSG00000131042	LILRB2.5633.65.3..1_L1	chr19_54279520_A_T	1	0.999815712440538	1.42043e-199	0.721511	0.0223025	32.397620215307	1.0	chr19:53281184-55281184	False	False	False
rs74959615	O15444/R45H	0.208044	CCL25.2705.5.2..1	ENSG00000131142	CCL25.2705.5.2..1_L1	chr19_8056212_G_A	1	0.999999991167337	5.80364e-111	-0.962328	0.0413635	-23.3058428622885	1.0	chr19:7052767-9052767	False	True	False
rs6761276	Q8WWZ1/I44T	3.66466	IL1RN.5353.89.2..1	ENSG00000136689	IL1RN.5353.89.2..1_L1	chr2_113074735_T_C	18	0.583697247260972	9.072369999999999e-21	-0.192144	0.0204201	-9.42443726524817	0.912981646160778	chr2:112107214-114107214	True	True	False
rs3749117	Q13018/M292V	0.417852	PLA2R1.10916.44.3..1	ENSG00000153246	PLA2R1.10916.44.3..1_L1	chr2_160028931_T_C	4	0.744849333370526	0.0	-0.917101	0.0171858	-53.4410822899885	0.997302645297936	chr2:159062615-161062615	False	True	False
rs17783344	P28676/S80A	1.01849	GCA.12594.5.3..1	ENSG00000115271	GCA.12594.5.3..1_L1	chr2_162352383_T_G	1	0.981568814820785	3.23769e-16	-0.171916	0.0209492	-8.22745404114326	1.0	chr2:161318840-163318840	False	True	False
rs288326	Q92765/R200W	-0.745145	FRZB.13740.51.3..1	ENSG00000162998	FRZB.13740.51.3..1_L1	chr2_182838608_G_A	2	0.506565400619039	1.46156e-58	0.560019	0.034022	16.4837998028397	0.999853437672315	chr2:181866637-183866637	False	False	False
rs2241883	P07148/T94A	0.943216	FABP1.11516.7.3..1	ENSG00000163586	FABP1.11516.7.3..1_L1	chr2_88124547_T_C	2	0.616500134732504	2.83123e-15	-0.157232	0.0198117	-7.9460696308569	0.991900709356783	chr2:87128116-89128116	False	True	False
rs2746603	O00241/R53H	0.525933	SIRPB1.6247.9.3..1	ENSG00000101307	SIRPB1.6247.9.3..1_L3	chr20_1578613_C_T	1	0.999999999999981	1.63073e-157	-0.947153	0.0335107	-28.3021536967809	1.0	chr20:620061-2620061	False	True	False
rs41310169	Q96SM3/R387Q	1.76943	CPXM1.6255.74.3..1	ENSG00000088882	CPXM1.6255.74.3..1_L2	chr20_2796329_C_T	1	1.0	1.41363e-34	-0.904891	0.0729363	-12.4264504767265	1.0	chr20:1800627-3800627	False	True	False
rs199825459	Q9UBR2/L196P	5.58682	CTSZ.4971.1.1..1	ENSG00000101160	CTSZ.4971.1.1..1_L1	chr20_58997654_A_G	1	0.987302611571107	2.6046599999999996e-51	-1.79792	0.117252	-15.3700526085382	1.0	chr20:58007254-60007254	True	True	False
rs2257167	P17181/V168L	0.457064	IFNAR1.9183.7.3..1	ENSG00000142166	IFNAR1.9183.7.3..1_L1	chr21_33343393_G_C	2	0.90826150092403	3.78084e-34	-0.295149	0.0239494	-12.34041317719	0.972344711975149	chr21:32324429-34324429	False	True	False
rs117389225	P04155/E25K	-0.954284	TFF1.9185.15.3..1	ENSG00000160182	TFF1.9185.15.3..1_L2	chr21_42366423_C_T	1	0.985458612203247	1.32596e-11	0.636781	0.0937832	6.80721629319758	1.0	chr21:41366535-43366535	False	False	False
rs139571703	P15814/G159S	4.61458	IGLL1.6485.59.3..1	ENSG00000128322	IGLL1.6485.59.3..1_L1	chr22_23573433_C_T	1	1.0	1.89164e-27	-0.890862	0.0813299	-10.9658781701595	1.0	chr22:22580302-24580302	True	True	False
rs190970900	P49788/H68R	-2.30609	RARRES1.8398.277.3..1	ENSG00000118849	RARRES1.8398.277.3..1_L3	chr3_158732213_T_C	1	0.999999999973903	9.97551e-25	-1.13736	0.109888	-10.3471163830134	1.0	chr3:157732489-159732489	False	True	False
rs1126477	P02788/A29T	-0.029933	LTF.2780.35.2..1	ENSG00000012223	LTF.2780.35.2..1_L1	chr3_46459778_C_T	2	0.828624812315054	1.23887e-57	-0.436279	0.0267329	-16.3465349392973	0.976018055505532	chr3:45485234-47485234	False	True	False
rs1042779	P19827/Q595R	-0.056087	ITIH1.7955.195.3..1	ENSG00000055957	ITIH1.7955.195.3..1_L1	chr3_52786995_A_G	1	0.999915051762757	5.71157e-159	-0.645085	0.0227053	-28.4558128856052	1.0	chr3:51777595-53777595	False	True	False
rs2232346	Q9NRM6/F278L	0.12369	IL17RB.5084.154.3..1	ENSG00000056736	IL17RB.5084.154.3..1_L1	chr3_53858803_T_C	2	0.86075831510011	2.43822e-81	1.19539	0.0608468	19.6793040311531	0.986549266901099	chr3:52846568-54846568	False	False	False
rs36105360	P20700/A501V	0.766375	LMNB1.3889.64.2..1	ENSG00000113368	LMNB1.3889.64.2..1_L1	chr5_126825998_C_T	2	0.908768113133344	2.34688e-28	0.720055	0.0645906	11.1638025125315	0.992243227276779	chr5:125776623-127776623	False	False	False
rs4252129	P00747/R523W	-0.452419	PLG.3710.49.2..1	ENSG00000122194	PLG.3710.49.2..1_L1	chr6_160731873_C_T	2	0.731086711443808	2.9977e-29	-0.99914	0.088134	-11.3564083223819	0.951431640621655	chr6:159702238-161702238	False	True	False
rs17300141	P16083/G58D	3.50059	NQO2.9754.33.3..1	ENSG00000124588	NQO2.9754.33.3..1_L2	chr6_3012544_G_A	1	0.999999999986281	3.2771799999999997e-57	0.908986	0.0559181	16.2873867316097	1.0	chr6:1987987-3987987	True	False	False
rs41273040	Q29980/G291S	0.61801	MICB.5102.55.3..1	ENSG00000204516	MICB.5102.55.3..1_L3	chr6_31507279_G_A	1	0.999999901500292	1.9648899999999997e-21	0.653256	0.0682371	9.58831607859454	1.0	chr6:30494881-32494881	False	False	False
rs6468	P08686/L39V	1.37393	CFB.4129.72.1..1	ENSG00000243649	CFB.4129.72.1..1_L3	chr6_32038540_C_T	1	0.999434354576541	2.55403e-07	0.153768	0.0297739	5.17500876130059	1.0	chr6:30945650-32945650	False	False	False
rs2070600	Q15109/G82S	7.57395	AGER.4125.52.2..1	ENSG00000204305	AGER.4125.52.2..1_L1	chr6_32183666_C_T	2	0.798646176898388	6.60731e-36	-0.579964	0.0458069	-12.6812800633501	0.994640743864196	chr6:31184322-33184322	True	True	False
rs35822882	Q9NZA1/P257H	2.40141	CLIC5.12475.48.3..1	ENSG00000112782	CLIC5.12475.48.3..1_L1	chr6_45949262_G_T	1	1.0	2.84891e-44	-0.778758	0.0549678	-14.1935322789562	1.0	chr6:45080348-47080348	True	True	False
rs36069724	P16562/C196R	2.73861	CRISP2.9282.12.3..1	ENSG00000124490	CRISP2.9282.12.3..1_L2	chr6_49695854_A_G	2	0.718118935790146	1.02819e-87	-1.67533	0.0818615	-20.4918772394171	0.997779122305008	chr6:48713590-50713590	True	True	False
rs34587586	Q9UI42/L27F	1.89082	CPA4.9267.2.3..1	ENSG00000128510	CPA4.9267.2.3..1_L1	chr7_130298758_G_T	1	0.9999999998262	0.0	-1.19845	0.0150621	-79.6657180198946	1.0	chr7:129293134-131293134	False	True	False
rs2229542	P15121/K90E	0.735121	AKR1B1.9854.36.3..1	ENSG00000085662	AKR1B1.9854.36.3..1_L1	chr7_134450869_T_C	1	0.99998594321829	8.57371e-42	-0.790709	0.0575628	-13.7573254957165	1.0	chr7:133459284-135459284	False	True	False
rs34372369	P21709/P697L	2.09461	EPHA1.3431.54.2..1	ENSG00000146904	EPHA1.3431.54.2..1_L3	chr7_143395176_G_A	5	0.539947799493177	0.00115128	-0.110695	0.0340229	-3.26573075953216	0.442601259010276	chr7:142408856-144408856	True	True	False
rs1050916	P53004/Q56R	0.54285	BLVRA.11382.5.3..1	ENSG00000106605	BLVRA.11382.5.3..1_L1	chr7_43791281_A_G	2	0.61860966332523	1.39752e-19	-0.566429	0.0621773	-9.11598826095063	0.857867514084861	chr7:42758680-44758680	False	True	False
rs79731913	Q2TAL6/Q256P	-0.485216	VWC2.11121.56.3..1	ENSG00000188730	VWC2.11121.56.3..1_L4	chr7_49802781_A_C	1	0.981671172530344	3.12167e-14	0.339093	0.0444586	7.64357684480031	1.0	chr7:48773638-50773638	False	False	False
rs112433249	Q9NX62/K286E	-0.026347	IMPAD1.9231.23.3..1	ENSG00000104331	IMPAD1.9231.23.3..1_L1	chr8_56964017_T_C	1	1.0	5.16966e-238	-1.78225	0.049696	-35.9096223949888	1.0	chr8:55993867-57993867	False	True	False
rs6472812	Q9Y6Y9/R56G	-0.948488	TLR4.LY96.3647.49.4..2	ENSG00000154589	TLR4.LY96.3647.49.4..2_L1	chr8_74004849_A_G	2	0.590793724116365	3.3882200000000004e-30	0.498608	0.0432319	11.5502947379121	0.941284179378855	chr8:72991352-74991352	False	False	False
rs7854413	Q9BQ51/I241T	0.729019	PDCD1LG2.3004.67.2..1	ENSG00000197646	PDCD1LG2.3004.67.2..1_L3	chr9_5557708_T_C	1	0.999933375697206	2.41232e-14	-0.277219	0.0361861	-7.67532041679269	1.0	chr9:4510570-6510570	False	True	False
rs10820900	Q01974/T245A	1.01597	ROR2.7861.9.3..1	ENSG00000169071	ROR2.7861.9.3..1_L2	chr9_91733326_T_C	2	0.510465627213748	1.83452e-18	-0.147395	0.0167129	-8.82626339762457	0.996228396644112	chr9:90950228-92950228	False	True	False
